xLegacy,yLegacy,shotDistance,shotResult,isFieldGoal,subType,scoreDiff,shotPct,clutchFlag
-9,32,3,1,1,Layup Shot,0.0,0.469,0
-59,35,7,0,1,Layup Shot,0.0,0.445,0
-97,76,12,0,1,Floating Jump shot,-2.0,0.526,0
-174,193,26,0,1,Jump Shot,-2.0,0.396,0
-224,59,0,0,1,Step Back Jump shot,-2.0,0.316,0
23,29,4,0,1,Driving Layup Shot,-2.0,0.5,0
-10,20,2,1,1,Running Dunk Shot,2.0,0.459,0
23,17,3,0,1,Driving Layup Shot,-2.0,0.609,0
-25,-1,3,0,1,Running Finger Roll Layup Shot,0.0,0.459,0
5,16,2,1,1,Running Layup Shot,0.0,0.609,0
4,16,2,1,1,Driving Dunk Shot,0.0,0.459,0
213,143,26,0,1,Jump Shot,-2.0,0.414,0
2,-19,2,1,1,Putback Layup Shot,0.0,0.526,0
2,105,11,1,1,Turnaround Fadeaway shot,0.0,0.459,0
-58,110,12,1,1,Jump Shot,-2.0,0.526,0
136,231,27,1,1,Jump Shot,0.0,0.363,0
-56,57,8,1,1,Floating Jump shot,-2.0,0.526,0
-38,21,4,1,1,Layup Shot,-1.0,0.419,0
12,31,3,1,1,Driving Layup Shot,-1.0,0.5,0
18,46,5,1,1,Driving Layup Shot,-1.0,0.459,0
1,25,3,1,1,Running Dunk Shot,0.0,0.609,0
-218,161,27,0,1,Jump Shot,-1.0,0.352,0
-7,32,3,1,1,Layup Shot,-3.0,0.609,0
-32,32,5,0,1,Driving Finger Roll Layup Shot,3.0,0.459,0
222,139,26,0,1,Jump Shot,-5.0,0.387,0
-11,23,3,0,1,Putback Layup Shot,6.0,0.533,0
31,64,7,0,1,Driving Floating Jump Shot,-6.0,0.445,0
20,13,2,0,1,Tip Layup Shot,6.0,0.667,0
116,27,12,0,1,Driving Floating Jump Shot,5.0,0.52,0
93,121,15,1,1,Jump Shot,-5.0,0.454,0
-49,286,29,1,1,Jump Shot,-6.0,0.351,0
104,252,27,0,1,Pullup Jump shot,4.0,0.352,0
9,14,2,0,1,Tip Layup Shot,7.0,0.667,0
5,19,2,0,1,Putback Layup Shot,-7.0,0.471,0
-6,17,2,1,1,Running Dunk Shot,-7.0,0.454,0
-129,253,28,0,1,Step Back Jump shot,7.0,0.387,0
26,18,3,1,1,Running Layup Shot,-5.0,0.52,0
197,147,25,0,1,Step Back Jump shot,-5.0,0.418,0
232,23,0,0,1,Jump Shot,6.0,0.351,0
-28,5,3,1,1,Driving Reverse Layup Shot,5.0,0.445,0
-113,12,11,1,1,Pullup Jump shot,-5.0,0.52,0
2,216,22,0,1,Pullup Jump shot,3.0,0.445,0
25,263,26,0,1,Pullup Jump shot,-5.0,0.302,0
137,212,25,1,1,Jump Shot,4.0,0.396,0
-123,252,28,0,1,Pullup Jump shot,3.0,0.352,0
5,28,3,1,1,Running Finger Roll Layup Shot,-6.0,0.5,0
-150,188,24,0,1,Step Back Jump shot,6.0,0.352,0
-239,55,25,1,1,Jump Shot,8.0,0.352,0
-127,219,25,0,1,Step Back Jump shot,-8.0,0.352,0
-15,36,4,1,1,Running Layup Shot,5.0,0.533,0
-156,247,29,1,1,Pullup Jump shot,5.0,0.389,0
131,247,28,0,1,Pullup Jump shot,7.0,0.403,0
27,38,5,1,1,Driving Finger Roll Layup Shot,4.0,0.52,0
-22,21,3,0,1,Reverse Layup Shot,4.0,0.442,0
-222,118,25,1,1,Running Jump Shot,-6.0,0.396,0
121,234,26,1,1,Jump Shot,6.0,0.363,0
-85,166,19,0,1,Pullup Jump shot,9.0,0.459,0
5,119,12,1,1,Jump Shot,6.0,0.52,0
123,257,28,1,1,Jump Shot,6.0,0.418,0
145,230,27,0,1,Pullup Jump shot,-8.0,0.414,0
-11,34,4,1,1,Putback Layup Shot,-5.0,0.465,0
-235,-8,24,0,1,Jump Shot,-5.0,0.403,0
2,17,2,0,1,Running Reverse Layup Shot,-7.0,0.465,0
0,24,2,1,1,Cutting Dunk Shot,7.0,0.442,0
34,95,10,0,1,Driving Floating Jump Shot,-7.0,0.526,0
173,221,28,1,1,Running Jump Shot,5.0,0.418,0
-31,23,4,1,1,Cutting Layup Shot,-5.0,0.433,0
-229,30,0,1,1,Jump Shot,2.0,0.389,0
4,11,1,0,1,Driving Layup Shot,-4.0,0.465,0
-9,-8,1,1,1,Running Dunk Shot,-1.0,0.465,0
12,75,8,0,1,Turnaround Jump Shot,-1.0,0.459,0
-28,1,3,0,1,Driving Layup Shot,-4.0,0.459,0
70,308,32,0,1,Pullup Jump shot,5.0,0.418,0
-12,15,2,0,1,Tip Layup Shot,-5.0,0.419,0
18,267,27,1,1,Pullup Jump shot,5.0,0.363,0
-227,122,26,0,1,Jump Shot,5.0,0.316,0
0,0,0,0,1,Tip Layup Shot,8.0,0.667,0
-23,75,8,0,1,Driving Floating Jump Shot,8.0,0.467,0
210,125,24,0,1,Running Jump Shot,8.0,0.352,0
-33,10,3,1,1,Driving Finger Roll Layup Shot,-8.0,0.433,0
130,209,25,0,1,Jump Shot,8.0,0.343,0
-31,252,25,1,1,Jump Shot,9.0,0.396,0
-37,15,4,0,1,Driving Finger Roll Layup Shot,8.0,0.454,0
-232,18,0,0,1,Jump Shot,-11.0,0.358,0
-148,220,27,0,1,Running Pull-Up Jump Shot,11.0,0.316,0
-66,146,16,0,1,Jump Shot,-11.0,0.526,0
9,15,2,1,1,Driving Layup Shot,11.0,0.454,0
-23,18,3,1,1,Cutting Finger Roll Layup Shot,-11.0,0.5,0
-224,3,0,0,1,Jump Shot,9.0,0.316,0
-38,67,8,0,1,Driving Floating Jump Shot,-11.0,0.467,0
58,16,6,0,1,Turnaround Jump Shot,11.0,0.445,0
-17,15,2,1,1,Running Layup Shot,-11.0,0.526,0
32,79,9,1,1,Pullup Jump shot,-10.0,0.459,0
233,15,0,1,1,Jump Shot,-10.0,0.414,0
21,257,26,1,1,Pullup Jump shot,8.0,0.352,0
115,29,12,0,1,Driving Floating Bank Jump Shot,-11.0,0.467,0
0,0,0,0,1,Tip Layup Shot,-8.0,0.526,0
13,125,13,0,1,Jump Shot,8.0,0.526,0
-234,71,24,0,1,Jump Shot,-8.0,0.316,0
-44,127,13,1,1,Pullup Jump shot,-8.0,0.467,0
118,466,48,0,1,Jump Shot,-8.0,0.387,0
-28,167,17,1,1,Pullup Jump shot,-10.0,0.459,0
-229,74,24,1,1,Jump Shot,-10.0,0.396,0
-22,73,8,1,1,Fadeaway Jump Shot,8.0,0.445,0
-91,235,25,1,1,Jump Shot,-11.0,0.396,0
-230,152,28,0,1,Jump Shot,9.0,0.363,0
66,111,13,1,1,Pullup Jump shot,-12.0,0.465,0
-93,86,13,1,1,Turnaround Fadeaway shot,12.0,0.459,0
-13,37,4,1,1,Driving Finger Roll Layup Shot,-14.0,0.465,0
-169,215,27,0,1,Jump Shot,-15.0,0.363,0
20,18,3,1,1,Driving Reverse Layup Shot,16.0,0.445,0
229,137,27,0,1,Step Back Jump shot,16.0,0.387,0
-232,57,24,1,1,Step Back Jump shot,14.0,0.343,0
23,41,5,1,1,Running Layup Shot,12.0,0.465,0
-124,236,27,0,1,Jump Shot,-15.0,0.316,0
12,271,27,1,1,Pullup Jump shot,-16.0,0.387,0
7,270,27,0,1,Jump Shot,16.0,0.352,0
-96,67,12,0,1,Turnaround Jump Shot,-19.0,0.526,0
-23,37,4,0,1,Driving Layup Shot,19.0,0.459,0
223,0,0,0,1,Jump Shot,19.0,0.316,0
29,267,27,1,1,Pullup Jump shot,19.0,0.363,0
-13,34,4,0,1,Driving Layup Shot,19.0,0.261,0
-147,211,26,0,1,Jump Shot,22.0,0.343,0
199,159,25,0,1,Pullup Jump shot,22.0,0.363,0
-36,25,4,0,1,Running Finger Roll Layup Shot,22.0,0.445,0
-233,34,24,0,1,Jump Shot,22.0,0.352,0
145,180,23,0,1,Step Back Jump shot,22.0,0.467,0
33,-2,3,1,1,Driving Layup Shot,-22.0,0.467,0
-170,196,26,1,1,Pullup Jump shot,-22.0,0.418,0
-224,-2,0,0,1,Jump Shot,-24.0,0.351,0
32,17,4,1,1,Running Layup Shot,-21.0,0.467,0
-6,6,1,1,1,Cutting Dunk Shot,22.0,0.533,0
66,272,28,1,1,Pullup Jump shot,22.0,0.352,0
-9,17,2,0,1,Cutting Layup Shot,-24.0,0.454,0
-11,263,26,0,1,Pullup Jump shot,-21.0,0.387,0
-4,55,6,0,1,Layup Shot,21.0,0.465,0
168,188,25,1,1,Running Jump Shot,-21.0,0.403,0
-125,35,13,1,1,Driving Floating Bank Jump Shot,-21.0,0.467,0
-234,143,27,0,1,Pullup Jump shot,18.0,0.403,0
2,86,9,0,1,Driving Layup Shot,20.0,0.454,0
5,28,3,1,1,Layup Shot,-20.0,0.454,0
-159,83,18,0,1,Turnaround Fadeaway shot,20.0,0.465,0
9,92,9,0,1,Fadeaway Jump Shot,17.0,0.52,0
33,13,4,0,1,Running Layup Shot,16.0,0.471,0
-9,21,2,1,1,Putback Layup Shot,16.0,0.667,0
-9,24,3,1,1,Dunk Shot,16.0,0.533,0
-25,52,6,0,1,Hook Shot,14.0,0.667,0
234,8,0,0,1,Jump Shot,16.0,0.418,0
-16,31,3,1,1,Driving Reverse Layup Shot,-16.0,0.454,0
129,248,28,1,1,Jump Shot,16.0,0.351,0
221,50,0,1,1,Pullup Jump shot,14.0,0.418,0
112,96,15,1,1,Pullup Jump shot,-17.0,0.52,0
-17,38,4,0,1,Layup Shot,14.0,0.459,0
-211,160,26,0,1,Jump Shot,16.0,0.418,0
21,21,3,0,1,Running Layup Shot,16.0,0.52,0
45,30,5,1,1,Tip Layup Shot,-16.0,0.465,0
-124,37,13,0,1,Pullup Jump shot,17.0,0.533,0
17,10,2,0,1,Running Layup Shot,16.0,0.459,0
-233,17,0,0,1,Jump Shot,-18.0,0.352,0
-5,0,1,1,1,Cutting Dunk Shot,-19.0,0.533,0
-20,26,3,1,1,Alley Oop Dunk Shot,19.0,0.642,0
125,22,13,0,1,Fadeaway Jump Shot,-21.0,0.52,0
51,274,28,1,1,Running Pull-Up Jump Shot,19.0,0.316,0
21,71,7,0,1,Layup Shot,-19.0,0.533,0
0,0,0,0,1,Tip Layup Shot,-16.0,0.533,0
98,249,27,0,1,Pullup Jump shot,-16.0,0.316,0
0,42,4,0,1,Hook Shot,16.0,0.261,0
-205,146,25,1,1,Jump Shot,16.0,0.358,0
22,251,25,0,1,Jump Shot,16.0,0.185,0
235,109,26,0,1,Pullup Jump shot,-19.0,0.387,0
78,262,27,0,1,Pullup Jump shot,19.0,0.418,0
-219,151,27,0,1,Running Pull-Up Jump Shot,-19.0,0.358,0
62,38,7,1,1,Running Layup Shot,19.0,0.459,0
-227,-5,0,0,1,Jump Shot,-19.0,0.351,0
-20,6,2,1,1,Running Reverse Layup Shot,17.0,0.471,0
11,64,6,0,1,Driving Finger Roll Layup Shot,-17.0,0.465,0
70,245,25,1,1,Pullup Jump shot,14.0,0.414,0
-210,155,26,1,1,Jump Shot,13.0,0.389,0
2,6,1,1,1,Driving Dunk Shot,16.0,0.459,0
43,251,25,0,1,Jump Shot,-12.0,0.316,0
-156,230,28,1,1,Pullup Jump shot,13.0,0.352,0
223,10,0,0,1,Running Jump Shot,-13.0,0.418,0
-32,13,3,0,1,Driving Layup Shot,10.0,0.5,0
227,131,26,1,1,Jump Shot,-11.0,0.389,0
1,92,9,0,1,Turnaround Jump Shot,-12.0,0.526,0
0,0,0,0,1,Tip Layup Shot,-9.0,0.609,0
-130,283,31,0,1,Pullup Jump shot,-9.0,0.418,0
28,26,4,1,1,Layup Shot,9.0,0.445,0
-4,6,1,1,1,Running Dunk Shot,-6.0,0.459,0
5,25,3,0,1,Driving Reverse Layup Shot,5.0,0.433,1
116,245,27,0,1,Jump Shot,-3.0,0.387,1
-15,143,14,1,1,Turnaround Jump Shot,2.0,0.467,1
-32,274,28,1,1,Step Back Jump shot,1.0,0.352,1
-123,224,26,0,1,Pullup Jump shot,-3.0,0.387,1
-230,5,0,0,1,Jump Shot,0.0,0.351,1
229,104,25,1,1,Step Back Jump shot,0.0,0.387,1
-112,262,28,0,1,Pullup Jump shot,0.0,0.352,1
235,30,24,0,1,Jump Shot,-3.0,0.363,1
-5,277,28,0,1,Pullup Jump shot,3.0,0.352,1
0,0,0,0,1,Tip Layup Shot,-3.0,0.642,1
38,247,25,0,1,Jump Shot,3.0,0.396,1
-176,191,26,1,1,Jump Shot,3.0,0.389,1
-92,269,28,0,1,Pullup Jump shot,-3.0,0.363,1
96,75,12,0,1,Driving Floating Jump Shot,1.0,0.52,1
7,-13,1,1,1,Driving Reverse Layup Shot,0.0,0.465,1
-77,256,27,0,1,Jump Shot,0.0,0.352,1
-9,120,12,0,1,Fadeaway Jump Shot,2.0,0.459,1
-227,-2,0,0,1,Jump Shot,1.0,0.351,1
-28,20,3,1,1,Driving Layup Shot,0.0,0.445,1
49,93,11,1,1,Fadeaway Jump Shot,0.0,0.526,1
132,241,27,0,1,Step Back Jump shot,-2.0,0.352,1
-16,251,25,1,1,Jump Shot,0.0,0.396,1
-98,242,26,0,1,Jump Shot,0.0,0.316,1
36,153,16,0,1,Pullup Jump shot,0.0,0.526,0
119,232,26,1,1,Jump Shot,0.0,0.314,0
-164,215,27,0,1,Running Jump Shot,0.0,0.319,0
-12,267,27,0,1,Jump Shot,-3.0,0.387,0
108,101,15,1,1,Pullup Jump shot,-3.0,0.444,0
-7,17,2,1,1,Layup Shot,3.0,0.469,0
-13,52,5,1,1,Driving Floating Jump Shot,-5.0,0.444,0
-17,14,2,1,1,Driving Layup Shot,3.0,0.469,0
5,142,14,1,1,Pullup Jump shot,-5.0,0.444,0
70,108,13,1,1,Pullup Jump shot,3.0,0.526,0
-8,297,30,1,1,Jump Shot,-5.0,0.314,0
-60,56,8,1,1,Turnaround Hook Shot,3.0,0.526,0
-192,200,28,0,1,Jump Shot,-6.0,0.216,0
-5,255,26,0,1,Jump Shot,4.0,0.393,0
4,46,5,1,1,Driving Floating Jump Shot,-4.0,0.444,0
228,-25,0,1,1,Jump Shot,-6.0,0.351,0
9,264,26,0,1,Jump Shot,-7.0,0.325,0
-4,16,2,1,1,Hook Bank Shot,4.0,0.473,0
100,249,27,1,1,Jump Shot,2.0,0.314,0
36,71,8,1,1,Driving Floating Bank Jump Shot,1.0,0.533,0
-154,225,27,1,1,Jump Shot,-4.0,0.314,0
-132,-29,14,0,1,Pullup Jump shot,2.0,0.467,0
184,186,26,0,1,Pullup Jump shot,-5.0,0.325,0
-4,29,3,1,1,Cutting Dunk Shot,-6.0,0.609,0
-26,86,9,0,1,Driving Floating Jump Shot,-7.0,0.41,0
-21,38,4,1,1,Hook Shot,-5.0,0.455,0
-47,115,12,0,1,Floating Jump shot,-5.0,0.467,0
0,0,0,0,1,Tip Layup Shot,7.0,0.609,0
-223,5,0,0,1,Jump Shot,-7.0,0.387,0
132,214,25,1,1,Pullup Jump shot,-7.0,0.387,0
-234,10,0,0,1,Jump Shot,7.0,0.319,0
143,216,26,0,1,Running Jump Shot,4.0,0.358,0
229,-6,0,1,1,Jump Shot,4.0,0.387,0
0,15,2,1,1,Driving Dunk Shot,4.0,0.444,0
-227,-11,0,1,1,Jump Shot,1.0,0.351,0
1,29,3,0,1,Driving Layup Shot,-3.0,0.562,0
2,15,2,1,1,Cutting Layup Shot,0.0,0.428,0
-5,104,10,1,1,Turnaround Fadeaway shot,1.0,0.444,0
-104,-28,11,1,1,Pullup Jump shot,0.0,0.469,0
-137,113,18,1,1,Jump Shot,-2.0,0.444,0
0,5,1,1,1,Driving Layup Shot,0.0,0.533,0
130,236,27,1,1,Pullup Jump shot,-1.0,0.363,0
-192,162,25,0,1,Step Back Jump shot,2.0,0.311,0
-232,7,0,0,1,Jump Shot,-1.0,0.299,0
-55,101,12,0,1,Fadeaway Jump Shot,-1.0,0.469,0
29,26,4,0,1,Running Layup Shot,1.0,0.37,0
-7,25,3,0,1,Dunk Shot,-1.0,0.609,0
12,17,2,1,1,Running Dunk Shot,1.0,0.562,0
81,145,17,0,1,Jump Shot,-1.0,0.52,0
6,18,2,0,1,Cutting Layup Shot,-1.0,0.562,0
-61,4,6,0,1,Hook Shot,1.0,0.609,0
43,154,16,0,1,Pullup Jump shot,-1.0,0.37,0
-31,148,15,0,1,Pullup Jump shot,1.0,0.52,0
17,32,4,0,1,Driving Layup Shot,-1.0,0.423,0
229,48,0,0,1,Running Jump Shot,-1.0,0.349,0
-19,14,2,0,1,Layup Shot,1.0,0.562,0
-58,-1,6,0,1,Jump Shot,-1.0,0.5,0
11,29,3,1,1,Layup Shot,-1.0,0.562,0
20,58,6,1,1,Driving Floating Jump Shot,1.0,0.526,0
196,168,26,0,1,Jump Shot,-3.0,0.299,0
5,22,2,1,1,Cutting Layup Shot,-1.0,0.463,0
-131,226,26,1,1,Jump Shot,-1.0,0.358,0
-22,60,6,1,1,Driving Floating Bank Jump Shot,-3.0,0.463,0
-16,27,3,1,1,Cutting Layup Shot,0.0,0.433,0
-185,209,28,1,1,Jump Shot,-2.0,0.314,0
-15,14,2,0,1,Driving Layup Shot,0.0,0.52,0
-232,31,0,1,1,Jump Shot,-3.0,0.299,0
232,25,0,1,1,Jump Shot,3.0,0.396,0
77,258,27,0,1,Pullup Jump shot,-6.0,0.314,0
-20,3,2,0,1,Driving Layup Shot,3.0,0.5,0
-51,206,21,1,1,Pullup Jump shot,-3.0,0.444,0
159,-12,16,0,1,Pullup Jump shot,3.0,0.469,0
154,220,27,1,1,Pullup Jump shot,-5.0,0.325,0
112,230,26,0,1,Jump Shot,5.0,0.393,0
13,125,13,0,1,Turnaround Jump Shot,-8.0,0.444,0
-6,13,1,1,1,Layup Shot,8.0,0.473,0
0,23,2,1,1,Layup Shot,-8.0,0.444,0
-186,168,25,0,1,Jump Shot,6.0,0.396,0
-157,217,27,0,1,Jump Shot,-8.0,0.319,0
-5,10,1,1,1,Running Dunk Shot,8.0,0.473,0
113,254,28,1,1,Pullup Jump shot,-8.0,0.325,0
22,142,14,1,1,Turnaround Jump Shot,6.0,0.473,0
142,210,25,1,1,Jump Shot,-9.0,0.325,0
1,11,1,1,1,Driving Layup Shot,7.0,0.5,0
-11,4,1,0,1,Driving Dunk Shot,-8.0,0.473,0
152,130,20,1,1,Pullup Jump shot,-9.0,0.444,0
-6,262,26,1,1,Pullup Jump shot,-11.0,0.387,0
1,16,2,1,1,Driving Layup Shot,-12.0,0.428,0
1,180,18,0,1,Pullup Jump shot,9.0,0.5,0
4,17,2,1,1,Dunk Shot,-11.0,0.455,0
-161,217,27,0,1,Running Jump Shot,13.0,0.325,0
-4,3,1,0,1,Driving Layup Shot,-12.0,0.444,0
5,44,4,0,1,Running Layup Shot,-12.0,0.5,0
5,26,3,1,1,Layup Shot,12.0,0.5,0
-10,22,2,1,1,Driving Floating Jump Shot,12.0,0.41,0
28,21,4,0,1,Driving Layup Shot,10.0,0.526,0
-225,-2,0,0,1,Jump Shot,-12.0,0.329,0
6,21,2,1,1,Driving Layup Shot,12.0,0.467,0
130,90,16,0,1,Pullup Jump shot,-9.0,0.467,0
-9,9,1,1,1,Driving Layup Shot,-10.0,0.41,0
-10,1,1,0,1,Driving Layup Shot,13.0,0.444,0
16,266,27,0,1,Jump Shot,-12.0,0.325,0
1,18,2,1,1,Driving Layup Shot,-12.0,0.469,0
168,250,30,0,1,Jump Shot,-12.0,0.314,0
70,265,27,1,1,Jump Shot,10.0,0.393,0
-2,17,2,1,1,Layup Shot,10.0,0.526,0
228,79,24,0,1,Pullup Jump shot,7.0,0.325,0
-4,10,1,1,1,Dunk Shot,-5.0,0.455,0
4,18,2,1,1,Driving Floating Bank Jump Shot,-5.0,0.526,0
-227,6,0,0,1,Jump Shot,5.0,0.329,0
135,9,14,0,1,Pullup Jump shot,-4.0,0.415,0
-4,26,3,1,1,Driving Layup Shot,-4.0,0.467,0
-172,182,25,0,1,Jump Shot,-4.0,0.216,0
-5,10,1,1,1,Running Layup Shot,2.0,0.469,0
-71,269,28,0,1,Pullup Jump shot,-2.0,0.314,0
-2,115,12,1,1,Jump Shot,0.0,0.526,0
-176,190,26,0,1,Jump Shot,-1.0,0.314,0
-230,27,0,1,1,Jump Shot,-1.0,0.396,0
56,32,6,1,1,Driving Floating Bank Jump Shot,-1.0,0.5,0
13,250,25,1,1,Jump Shot,-4.0,0.36,0
7,33,3,0,1,Layup Shot,4.0,0.609,0
-170,269,32,0,1,Jump Shot,5.0,0.387,0
-5,2,1,0,1,Layup Shot,5.0,0.609,0
1,6,1,1,1,Driving Dunk Shot,-5.0,0.562,0
-4,5,1,1,1,Running Dunk Shot,5.0,0.562,0
-5,8,1,0,1,Hook Shot,-3.0,0.415,0
-156,247,29,0,1,Jump Shot,1.0,0.387,0
157,210,26,0,1,Jump Shot,1.0,0.351,0
-235,41,24,1,1,Jump Shot,2.0,0.358,0
-71,161,18,0,1,Pullup Jump shot,-4.0,0.444,0
-228,-8,0,0,1,Jump Shot,4.0,0.295,0
-164,243,29,0,1,Pullup Jump shot,4.0,0.387,0
104,235,26,0,1,Running Jump Shot,4.0,0.325,0
-188,169,25,0,1,Pullup Jump shot,-5.0,0.349,0
124,237,27,0,1,Jump Shot,6.0,0.396,0
25,148,15,0,1,Fadeaway Jump Shot,6.0,0.526,0
98,242,26,0,1,Jump Shot,5.0,0.36,0
-7,11,1,0,1,Running Layup Shot,5.0,0.415,0
0,0,0,0,1,Tip Layup Shot,-5.0,0.562,0
-228,26,0,0,1,Jump Shot,6.0,0.358,0
6,34,3,0,1,Running Layup Shot,7.0,0.469,0
-179,187,26,1,1,Running Jump Shot,-7.0,0.314,0
-115,27,12,1,1,Turnaround Jump Shot,-7.0,0.526,0
-33,45,6,0,1,Driving Layup Shot,4.0,0.41,0
25,23,3,1,1,Floating Jump shot,-6.0,0.609,0
227,5,0,0,1,Jump Shot,6.0,0.329,0
-225,1,0,0,1,Jump Shot,8.0,0.314,0
-50,153,16,0,1,Running Pull-Up Jump Shot,8.0,0.469,0
-112,115,16,0,1,Turnaround Fadeaway shot,7.0,0.526,0
0,0,0,0,1,Tip Layup Shot,-6.0,0.609,0
174,200,27,0,1,Jump Shot,5.0,0.414,0
-56,147,16,1,1,Step Back Jump shot,5.0,0.444,0
92,127,16,1,1,Pullup Jump shot,-5.0,0.469,0
235,8,24,1,1,Jump Shot,3.0,0.316,0
-232,21,0,1,1,Jump Shot,-5.0,0.351,0
120,117,17,0,1,Pullup Jump shot,4.0,0.469,1
-7,13,1,1,1,Driving Finger Roll Layup Shot,3.0,0.444,1
-23,83,9,1,1,Turnaround Fadeaway shot,-3.0,0.526,1
-228,-15,0,0,1,Jump Shot,1.0,0.314,1
228,9,0,0,1,Jump Shot,3.0,0.316,1
-5,13,1,1,1,Floating Jump shot,-3.0,0.444,1
27,27,4,0,1,Driving Layup Shot,1.0,0.5,1
21,20,3,0,1,Hook Shot,-1.0,0.473,1
125,107,16,0,1,Pullup Jump shot,1.0,0.526,1
-151,122,19,0,1,Pullup Jump shot,-2.0,0.467,1
206,153,26,0,1,Jump Shot,3.0,0.358,1
-10,316,32,0,1,Jump Shot,3.0,0.314,1
134,247,28,1,1,Step Back Jump shot,3.0,0.387,1
-228,-18,0,1,1,Jump Shot,-3.0,0.316,1
23,67,7,0,1,Jump Shot,0.0,0.473,1
129,249,28,0,1,Jump Shot,-4.0,0.396,1
-12,47,5,1,1,Driving Finger Roll Layup Shot,0.0,0.467,0
49,53,7,0,1,Driving Floating Jump Shot,0.0,0.473,0
225,110,25,0,1,Jump Shot,-2.0,0.293,0
-29,18,3,1,1,Running Layup Shot,-2.0,0.526,0
-103,262,28,0,1,Jump Shot,2.0,0.366,0
21,44,5,1,1,Driving Layup Shot,-4.0,0.467,0
44,21,5,1,1,Driving Layup Shot,4.0,0.431,0
-50,53,7,0,1,Finger Roll Layup Shot,-6.0,0.467,0
-197,163,26,0,1,Jump Shot,-4.0,0.387,0
-154,231,28,0,1,Pullup Jump shot,3.0,0.337,0
23,29,4,0,1,Running Layup Shot,-3.0,0.469,0
210,197,29,0,1,Jump Shot,3.0,0.337,0
-113,64,13,0,1,Turnaround Jump Shot,-3.0,0.5,0
1,57,6,0,1,Driving Layup Shot,-3.0,0.473,0
-189,163,25,1,1,Jump Shot,-3.0,0.337,0
103,253,27,0,1,Jump Shot,-3.0,0.311,0
-7,277,28,0,1,Jump Shot,0.0,0.293,0
81,244,26,1,1,Jump Shot,0.0,0.311,0
-10,25,3,1,1,Dunk Shot,0.0,0.473,0
31,31,4,1,1,Driving Layup Shot,-3.0,0.431,0
-22,-4,2,0,1,Driving Layup Shot,5.0,0.47,0
18,-5,2,1,1,Putback Dunk Shot,-3.0,0.5,0
-43,79,9,1,1,Driving Floating Jump Shot,3.0,0.533,0
-17,10,2,0,1,Driving Dunk Shot,-3.0,0.47,0
-38,248,25,1,1,Jump Shot,4.0,0.409,0
20,16,3,1,1,Running Layup Shot,-4.0,0.47,0
-1,167,17,0,1,Pullup Jump shot,-1.0,0.52,0
-16,4,2,1,1,Cutting Layup Shot,-2.0,0.426,0
4,6,1,1,1,Dunk Shot,2.0,0.609,0
-38,263,27,0,1,Pullup Jump shot,-3.0,0.363,0
-88,121,15,0,1,Step Back Jump shot,-4.0,0.437,0
51,288,29,0,1,Jump Shot,-4.0,0.409,0
-229,-1,0,1,1,Jump Shot,4.0,0.337,0
137,38,14,0,1,Pullup Jump shot,-4.0,0.52,0
28,21,4,0,1,Putback Layup Shot,7.0,0.52,0
9,38,4,0,1,Layup Shot,6.0,0.497,0
-32,260,26,1,1,Jump Shot,5.0,0.414,0
-81,250,26,0,1,Pullup Jump shot,-5.0,0.409,0
-178,117,21,0,1,Pullup Jump shot,-2.0,0.431,0
10,82,8,1,1,Floating Jump shot,2.0,0.578,0
7,16,2,1,1,Driving Finger Roll Layup Shot,2.0,0.431,0
-137,215,25,0,1,Jump Shot,-4.0,0.363,0
-31,54,6,1,1,Driving Floating Jump Shot,-6.0,0.52,0
70,56,9,0,1,Driving Layup Shot,-7.0,0.46,0
66,64,9,1,1,Fadeaway Jump Shot,5.0,0.52,0
9,13,2,1,1,Cutting Dunk Shot,-5.0,0.578,0
-239,62,25,1,1,Jump Shot,3.0,0.351,0
-174,197,26,0,1,Jump Shot,-5.0,0.366,0
0,0,0,1,1,Putback Layup Shot,-2.0,0.46,0
-6,14,2,1,1,Running Finger Roll Layup Shot,2.0,0.46,0
17,53,6,1,1,Driving Floating Jump Shot,-4.0,0.454,0
173,194,26,0,1,Jump Shot,4.0,0.383,0
-6,75,8,0,1,Floating Jump shot,-3.0,0.497,0
26,15,3,1,1,Cutting Layup Shot,-3.0,0.52,0
-77,126,15,0,1,Pullup Jump shot,-4.0,0.437,0
-28,11,3,0,1,Running Layup Shot,-2.0,0.526,0
17,5,2,1,1,Driving Layup Shot,-1.0,0.467,0
33,32,5,1,1,Driving Layup Shot,-2.0,0.426,0
-44,22,5,0,1,Driving Layup Shot,0.0,0.533,0
0,0,0,0,1,Tip Layup Shot,2.0,0.533,0
181,257,31,1,1,Running Jump Shot,2.0,0.409,0
-39,170,17,1,1,Pullup Jump shot,2.0,0.469,0
-91,246,26,1,1,Jump Shot,5.0,0.393,0
157,262,31,0,1,Jump Shot,3.0,0.409,0
53,265,27,0,1,Pullup Jump shot,0.0,0.311,0
18,83,8,1,1,Turnaround Hook Shot,0.0,0.437,0
67,183,19,0,1,Jump Shot,-1.0,0.473,0
227,37,0,1,1,Jump Shot,-2.0,0.358,0
-72,257,27,1,1,Jump Shot,2.0,0.396,0
0,55,6,1,1,Driving Floating Jump Shot,-5.0,0.47,0
-58,65,9,1,1,Driving Floating Jump Shot,-6.0,0.467,0
54,85,10,0,1,Driving Floating Jump Shot,4.0,0.431,0
23,38,4,0,1,Running Layup Shot,-6.0,0.433,0
-20,75,8,0,1,Driving Floating Jump Shot,-6.0,0.526,0
227,103,25,0,1,Jump Shot,-6.0,0.391,0
0,23,2,1,1,Running Layup Shot,-6.0,0.526,0
1,26,3,0,1,Driving Layup Shot,6.0,0.47,0
-2,-10,1,1,1,Putback Layup Shot,8.0,0.47,0
9,279,28,1,1,Jump Shot,8.0,0.393,0
-228,4,0,0,1,Jump Shot,6.0,0.337,0
65,264,27,1,1,Jump Shot,9.0,0.337,0
-127,138,19,0,1,Turnaround Jump Shot,9.0,0.467,0
-11,589,59,0,1,Pullup Jump shot,6.0,0.15,0
196,162,25,0,1,Step Back Jump shot,6.0,0.337,0
239,22,24,0,1,Jump Shot,-6.0,0.337,0
237,94,25,1,1,Pullup Jump shot,6.0,0.387,0
1,20,2,1,1,Dunk Shot,6.0,0.5,0
5,168,17,0,1,Jump Shot,7.0,0.473,0
-23,46,5,0,1,Driving Layup Shot,6.0,0.431,0
26,38,5,1,1,Driving Layup Shot,6.0,0.526,0
7,25,3,0,1,Driving Layup Shot,5.0,0.47,0
0,0,0,1,1,Tip Layup Shot,7.0,0.5,0
-137,226,26,1,1,Running Jump Shot,-7.0,0.366,0
-225,15,0,0,1,Jump Shot,5.0,0.311,0
-130,233,27,0,1,Running Jump Shot,2.0,0.293,0
-13,9,2,1,1,Layup Shot,-2.0,0.526,0
-13,47,5,0,1,Driving Layup Shot,2.0,0.351,0
-1,48,5,0,1,Driving Layup Shot,4.0,0.437,0
232,31,0,0,1,Pullup Jump shot,-4.0,0.293,0
232,22,0,0,1,Running Jump Shot,4.0,0.387,0
217,133,25,0,1,Jump Shot,4.0,0.337,0
145,212,26,0,1,Jump Shot,4.0,0.337,0
-195,171,26,1,1,Running Jump Shot,4.0,0.387,0
156,36,16,0,1,Fadeaway Jump Shot,-6.0,0.437,0
-27,24,4,0,1,Running Layup Shot,6.0,0.469,0
-158,218,27,0,1,Jump Shot,5.0,0.387,0
119,265,29,0,1,Running Pull-Up Jump Shot,4.0,0.337,0
-65,120,14,0,1,Driving Floating Jump Shot,-4.0,0.467,0
-2,85,9,1,1,Turnaround Hook Shot,4.0,0.47,0
-13,43,4,1,1,Driving Finger Roll Layup Shot,4.0,0.437,0
140,26,14,0,1,Pullup Jump shot,2.0,0.52,0
-64,26,7,0,1,Driving Layup Shot,0.0,0.47,0
0,0,0,1,1,Tip Dunk Shot,0.0,0.5,0
11,42,4,1,1,Driving Floating Jump Shot,1.0,0.437,0
126,256,29,0,1,Pullup Jump shot,1.0,0.387,0
189,168,25,1,1,Pullup Jump shot,-3.0,0.337,0
136,8,14,0,1,Pullup Jump shot,3.0,0.52,0
-18,269,27,0,1,Step Back Jump shot,6.0,0.393,0
27,36,5,1,1,Driving Layup Shot,6.0,0.437,0
-25,8,3,1,1,Driving Layup Shot,6.0,0.52,0
-11,-5,1,1,1,Driving Dunk Shot,8.0,0.533,0
13,19,2,1,1,Driving Layup Shot,-6.0,0.465,0
-99,273,29,0,1,Jump Shot,4.0,0.337,0
-228,147,27,0,1,Jump Shot,-2.0,0.391,0
13,25,3,1,1,Driving Layup Shot,-2.0,0.52,0
-67,34,8,0,1,Turnaround Fadeaway shot,0.0,0.431,0
-48,91,10,1,1,Driving Floating Jump Shot,1.0,0.437,0
-36,560,56,0,1,Pullup Jump shot,1.0,0.363,0
131,289,32,0,1,Pullup Jump shot,1.0,0.363,0
114,18,12,1,1,Step Back Jump shot,1.0,0.437,0
-154,233,28,0,1,Step Back Jump shot,2.0,0.337,0
-214,129,25,1,1,Running Jump Shot,1.0,0.396,0
-241,13,24,0,1,Jump Shot,-1.0,0.383,0
-10,252,25,0,1,Running Jump Shot,-2.0,0.396,0
-34,263,27,1,1,Step Back Jump shot,2.0,0.337,0
49,43,7,1,1,Layup Shot,-2.0,0.526,0
65,253,26,0,1,Jump Shot,1.0,0.351,0
-238,14,24,1,1,Jump Shot,0.0,0.358,0
-120,221,25,1,1,Jump Shot,0.0,0.318,0
1,11,1,1,1,Driving Dunk Shot,-3.0,0.533,0
219,143,26,0,1,Jump Shot,0.0,0.409,0
65,242,25,1,1,Jump Shot,2.0,0.337,0
-222,8,0,0,1,Jump Shot,2.0,0.351,0
-15,9,2,1,1,Putback Layup Shot,1.0,0.465,0
13,28,3,1,1,Driving Layup Shot,1.0,0.47,0
-98,136,17,0,1,Jump Shot,-1.0,0.469,0
20,33,4,0,1,Driving Layup Shot,-1.0,0.431,0
38,121,13,0,1,Driving Floating Jump Shot,1.0,0.469,0
61,272,28,0,1,Step Back Jump shot,-1.0,0.337,0
28,27,4,1,1,Driving Layup Shot,0.0,0.431,0
-55,90,11,0,1,Turnaround Fadeaway shot,1.0,0.431,1
-13,39,4,0,1,Driving Layup Shot,1.0,0.47,1
-9,271,27,0,1,Jump Shot,0.0,0.396,1
-28,99,10,1,1,Turnaround Fadeaway shot,0.0,0.437,1
223,115,25,0,1,Jump Shot,0.0,0.366,1
-4,8,1,1,1,Driving Dunk Shot,-2.0,0.5,1
175,214,28,0,1,Jump Shot,0.0,0.409,1
176,101,20,0,1,Pullup Jump shot,-1.0,0.467,1
9,23,2,0,1,Driving Layup Shot,-2.0,0.47,1
-131,132,19,0,1,Step Back Jump shot,3.0,0.437,1
246,61,25,0,1,Jump Shot,3.0,0.393,1
-98,58,11,1,1,Fadeaway Bank shot,3.0,0.469,1
98,37,10,1,1,Pullup Jump shot,-3.0,0.47,1
1,82,8,0,1,Driving Layup Shot,-5.0,0.467,1
21,46,5,1,1,Running Layup Shot,-2.0,0.431,1
-163,179,24,1,1,Step Back Jump shot,-2.0,0.387,1
145,495,52,0,1,Pullup Jump shot,-3.0,0.337,1
-11,17,2,0,1,Cutting Dunk Shot,0.0,0.5,1
-7,264,26,0,1,Step Back Jump shot,0.0,0.387,1
21,304,30,1,1,Step Back Jump shot,0.0,0.337,1
9,161,16,1,1,Jump Shot,0.0,0.473,1
9,27,3,1,1,Driving Layup Shot,-3.0,0.426,1
-127,237,27,1,1,Pullup Jump shot,1.0,0.387,1
-64,48,8,0,1,Driving Floating Jump Shot,-3.0,0.47,1
-70,264,27,0,1,Jump Shot,0.0,0.393,1
208,185,28,0,1,Pullup Jump shot,0.0,0.337,1
-118,10,12,0,1,Pullup Jump shot,0.0,0.5,1
-39,44,6,1,1,Driving Layup Shot,0.0,0.437,1
-50,54,7,0,1,Driving Layup Shot,1.0,0.437,1
176,201,27,0,1,Pullup Jump shot,-1.0,0.366,1
-188,46,19,0,1,Jump Shot,-1.0,0.469,1
-23,25,3,1,1,Driving Finger Roll Layup Shot,-1.0,0.437,1
124,215,25,0,1,Jump Shot,0.0,0.384,0
-18,130,13,0,1,Fadeaway Jump Shot,-1.0,0.499,0
-66,188,20,0,1,Fadeaway Jump Shot,2.0,0.526,0
43,29,5,0,1,Driving Floating Jump Shot,2.0,0.467,0
-47,25,5,1,1,Fadeaway Bank shot,2.0,0.465,0
-4,6,1,1,1,Finger Roll Layup Shot,-2.0,0.526,0
9,-9,1,0,1,Driving Layup Shot,0.0,0.49,0
0,0,0,1,1,Tip Layup Shot,2.0,0.534,0
-230,-20,0,0,1,Jump Shot,2.0,0.393,0
-39,60,7,0,1,Driving Floating Jump Shot,0.0,0.49,0
-22,151,15,1,1,Jump Shot,0.0,0.473,0
-2,-8,1,0,1,Driving Layup Shot,0.0,0.465,0
-77,64,10,1,1,Turnaround Jump Shot,-2.0,0.526,0
156,194,25,0,1,Jump Shot,2.0,0.335,0
181,61,19,0,1,Step Back Jump shot,-4.0,0.526,0
53,11,5,1,1,Turnaround Hook Shot,4.0,0.526,0
-45,259,26,1,1,Jump Shot,4.0,0.428,0
-229,-12,0,0,1,Jump Shot,2.0,0.396,0
-15,44,5,0,1,Driving Floating Jump Shot,0.0,0.49,0
-9,90,9,1,1,Turnaround Fadeaway shot,1.0,0.499,0
162,194,25,0,1,Pullup Jump shot,1.0,0.387,0
-29,78,8,1,1,Driving Floating Jump Shot,-1.0,0.49,0
-230,-7,0,1,1,Jump Shot,1.0,0.363,0
6,275,28,1,1,Pullup Jump shot,-3.0,0.384,0
-102,147,18,1,1,Pullup Jump shot,0.0,0.465,0
-7,10,1,1,1,Dunk Shot,-3.0,0.526,0
-116,126,17,0,1,Pullup Jump shot,1.0,0.533,0
167,189,25,0,1,Running Pull-Up Jump Shot,-3.0,0.384,0
16,6,2,1,1,Driving Finger Roll Layup Shot,3.0,0.465,0
-25,6,3,0,1,Driving Layup Shot,-3.0,0.526,0
-97,63,12,1,1,Pullup Jump shot,-1.0,0.499,0
18,11,2,0,1,Driving Layup Shot,-1.0,0.52,0
0,0,0,0,1,Tip Layup Shot,3.0,0.609,0
0,0,0,1,1,Tip Layup Shot,-3.0,0.609,0
212,142,26,1,1,Jump Shot,3.0,0.364,0
-1,251,25,0,1,Pullup Jump shot,1.0,0.363,0
11,40,4,1,1,Floating Jump shot,4.0,0.52,0
-22,17,3,0,1,Driving Floating Bank Jump Shot,4.0,0.408,0
197,160,25,0,1,Jump Shot,-2.0,0.363,0
-7,5,1,1,1,Layup Shot,-2.0,0.533,0
21,77,8,1,1,Floating Jump shot,0.0,0.609,0
74,33,8,1,1,Turnaround Fadeaway shot,-1.0,0.499,0
131,-8,13,0,1,Step Back Jump shot,-1.0,0.465,0
-6,16,2,1,1,Running Layup Shot,-1.0,0.534,0
132,220,26,1,1,Jump Shot,1.0,0.365,0
-179,173,25,1,1,Step Back Jump shot,-3.0,0.376,0
-121,215,25,1,1,Jump Shot,0.0,0.363,0
2,80,8,1,1,Driving Floating Jump Shot,-3.0,0.499,0
-114,213,24,0,1,Step Back Jump shot,0.0,0.365,0
-186,175,26,0,1,Pullup Jump shot,-2.0,0.363,0
-4,0,0,1,1,Running Layup Shot,2.0,0.533,0
9,6,1,0,1,Running Layup Shot,-1.0,0.411,0
107,231,25,0,1,Running Jump Shot,-1.0,0.351,0
9,-5,1,1,1,Driving Finger Roll Layup Shot,1.0,0.408,0
6,0,1,1,1,Driving Layup Shot,1.0,0.465,0
114,264,29,0,1,Pullup Jump shot,-1.0,0.387,0
191,-10,19,1,1,Jump Shot,-3.0,0.49,0
-9,1,1,1,1,Cutting Layup Shot,3.0,0.473,0
-168,185,25,1,1,Jump Shot,3.0,0.363,0
-216,127,25,0,1,Pullup Jump shot,3.0,0.387,0
-20,-8,2,0,1,Driving Layup Shot,-6.0,0.49,0
-225,15,0,0,1,Pullup Jump shot,6.0,0.414,0
-75,48,9,0,1,Turnaround Hook Shot,-6.0,0.526,0
-23,-1,2,0,1,Driving Floating Jump Shot,6.0,0.5,0
-164,209,27,1,1,Jump Shot,-6.0,0.335,0
110,16,11,0,1,Turnaround Fadeaway shot,6.0,0.526,0
210,147,26,0,1,Jump Shot,9.0,0.396,0
-21,7,2,1,1,Driving Finger Roll Layup Shot,9.0,0.49,0
89,235,25,0,1,Jump Shot,9.0,0.311,0
-12,10,2,1,1,Putback Layup Shot,11.0,0.5,0
191,160,25,0,1,Jump Shot,11.0,0.335,0
12,17,2,1,1,Driving Dunk Shot,9.0,0.526,0
-7,34,3,0,1,Driving Layup Shot,-9.0,0.465,0
-110,18,11,1,1,Fadeaway Jump Shot,-7.0,0.534,0
-17,15,2,1,1,Running Dunk Shot,7.0,0.465,0
-61,75,10,1,1,Turnaround Fadeaway shot,-9.0,0.526,0
69,243,25,0,1,Jump Shot,-10.0,0.393,0
38,25,5,0,1,Cutting Layup Shot,-12.0,0.473,0
5,4,1,1,1,Driving Finger Roll Layup Shot,-13.0,0.49,0
233,3,0,0,1,Jump Shot,13.0,0.396,0
-222,-18,0,0,1,Jump Shot,15.0,0.387,0
10,54,5,0,1,Driving Floating Jump Shot,15.0,0.49,0
2,-5,1,1,1,Cutting Layup Shot,15.0,0.526,0
-136,235,27,1,1,Jump Shot,-15.0,0.428,0
134,428,45,0,1,Pullup Jump shot,13.0,0.387,0
-9,136,14,0,1,Pullup Jump shot,16.0,0.5,0
-224,0,0,0,1,Jump Shot,-17.0,0.396,0
-2,4,0,0,1,Driving Dunk Shot,-18.0,0.465,0
10,38,4,1,1,Running Layup Shot,-18.0,0.534,0
76,-6,8,1,1,Fadeaway Jump Shot,-18.0,0.473,0
-83,125,15,0,1,Pullup Jump shot,-20.0,0.49,0
5,5,1,1,1,Running Layup Shot,18.0,0.469,0
75,110,13,0,1,Driving Floating Jump Shot,-18.0,0.534,0
228,17,0,0,1,Jump Shot,-16.0,0.364,0
23,274,27,0,1,Jump Shot,-16.0,0.311,0
205,151,25,0,1,Jump Shot,16.0,0.387,0
-93,222,24,0,1,Jump Shot,16.0,0.335,0
4,9,1,1,1,Running Layup Shot,-16.0,0.465,0
4,254,25,0,1,Step Back Jump shot,-16.0,0.387,0
89,36,10,1,1,Turnaround Fadeaway shot,-18.0,0.499,0
-1,1,0,1,1,Running Dunk Shot,18.0,0.5,0
47,95,11,0,1,Driving Floating Jump Shot,-20.0,0.49,0
229,3,0,0,1,Jump Shot,-18.0,0.335,0
-230,-12,0,0,1,Jump Shot,18.0,0.335,0
18,71,7,1,1,Hook Shot,18.0,0.526,0
-36,20,4,1,1,Driving Bank Hook Shot,-18.0,0.473,0
82,89,12,0,1,Turnaround Fadeaway shot,-20.0,0.499,0
-2,13,1,1,1,Cutting Finger Roll Layup Shot,-18.0,0.473,0
10,84,8,1,1,Driving Floating Jump Shot,-19.0,0.49,0
-121,231,26,0,1,Jump Shot,17.0,0.393,0
4,29,3,0,1,Driving Layup Shot,-19.0,0.526,0
5,8,1,1,1,Driving Layup Shot,-20.0,0.52,0
6,23,2,1,1,Cutting Layup Shot,-19.0,0.433,0
11,51,5,1,1,Driving Floating Jump Shot,-20.0,0.534,0
229,40,0,0,1,Jump Shot,18.0,0.358,0
-9,6,1,1,1,Driving Layup Shot,-20.0,0.49,0
-223,2,0,1,1,Jump Shot,23.0,0.355,0
-100,222,24,1,1,Pullup Jump shot,-22.0,0.384,0
-202,33,20,0,1,Pullup Jump shot,-25.0,0.465,0
12,5,1,1,1,Running Dunk Shot,-28.0,0.499,0
11,5,1,1,1,Reverse Layup Shot,28.0,0.609,0
70,245,25,1,1,Pullup Jump shot,-30.0,0.355,0
77,-4,8,1,1,Pullup Jump shot,28.0,0.52,0
-192,148,24,0,1,Pullup Jump shot,-31.0,0.364,0
-2,14,1,0,1,Driving Floating Jump Shot,31.0,0.526,0
7,8,1,1,1,Driving Layup Shot,-31.0,0.465,0
-11,6,1,1,1,Layup Shot,-31.0,0.609,0
145,201,25,0,1,Jump Shot,-33.0,0.355,0
-4,-3,1,1,1,Alley Oop Dunk Shot,31.0,0.609,0
227,41,0,0,1,Jump Shot,-31.0,0.364,0
-10,11,1,1,1,Driving Layup Shot,29.0,0.465,0
4,43,4,0,1,Driving Floating Jump Shot,-29.0,0.408,0
-232,14,0,1,1,Jump Shot,-27.0,0.376,0
11,8,1,1,1,Layup Shot,-27.0,0.533,0
-13,27,3,0,1,Running Dunk Shot,30.0,0.454,0
141,216,26,0,1,Running Jump Shot,28.0,0.363,0
-1,26,3,0,1,Driving Hook Shot,-28.0,0.526,0
6,165,17,1,1,Pullup Jump shot,-28.0,0.465,0
-2,21,2,1,1,Driving Layup Shot,-28.0,0.534,0
-20,8,2,1,1,Driving Layup Shot,26.0,0.465,0
-2,255,26,0,1,Jump Shot,-28.0,0.363,0
-109,233,26,0,1,Pullup Jump shot,-25.0,0.365,0
-130,214,25,0,1,Pullup Jump shot,-27.0,0.363,0
-1,25,3,1,1,Driving Floating Jump Shot,-28.0,0.49,0
-17,10,2,1,1,Driving Finger Roll Layup Shot,-30.0,0.433,0
-1,8,1,0,1,Driving Layup Shot,-31.0,0.499,0
-2,13,1,0,1,Putback Layup Shot,-29.0,0.534,0
5,0,1,1,1,Driving Layup Shot,-29.0,0.465,0
137,213,25,1,1,Pullup Jump shot,-29.0,0.384,0
5,17,2,1,1,Layup Shot,27.0,0.533,0
7,5,1,1,1,Cutting Layup Shot,-30.0,0.534,0
-17,16,2,0,1,Driving Layup Shot,28.0,0.433,0
26,248,25,0,1,Step Back Jump shot,30.0,0.363,0
-86,8,9,1,1,Pullup Jump shot,29.0,0.411,0
-40,34,5,1,1,Driving Floating Bank Jump Shot,28.0,0.454,0
11,13,2,1,1,Driving Floating Bank Jump Shot,28.0,0.408,0
27,10,3,0,1,Driving Layup Shot,-29.0,0.365,0
-47,248,25,0,1,Jump Shot,29.0,0.306,0
-39,48,6,1,1,Driving Floating Jump Shot,-29.0,0.454,0
-2,8,1,1,1,Running Layup Shot,-29.0,0.454,0
12,-6,1,1,1,Dunk Shot,27.0,0.634,0
-4,-3,1,1,1,Cutting Layup Shot,25.0,0.364,0
-1,16,2,0,1,Driving Layup Shot,-27.0,0.321,0
23,256,26,0,1,Jump Shot,25.0,0.365,0
40,246,25,0,1,Pullup Jump shot,-24.0,0.379,0
-7,10,1,1,1,Putback Layup Shot,-23.0,0.48,0
-66,26,7,0,1,Turnaround Fadeaway shot,-24.0,0.365,0
186,168,25,1,1,Jump Shot,0.0,0.361,0
-114,243,27,0,1,Jump Shot,0.0,0.387,0
-25,20,3,0,1,Driving Layup Shot,-3.0,0.46,0
162,205,26,0,1,Running Jump Shot,3.0,0.414,0
13,13,2,0,1,Driving Layup Shot,-3.0,0.461,0
-39,109,12,1,1,Pullup Jump shot,3.0,0.469,0
-105,14,11,0,1,Jump Shot,-3.0,0.461,0
-227,93,25,1,1,Jump Shot,-1.0,0.361,0
7,112,11,0,1,Fadeaway Jump Shot,-1.0,0.469,0
-228,14,0,0,1,Running Jump Shot,-4.0,0.339,0
105,239,26,0,1,Jump Shot,3.0,0.361,0
7,13,1,1,1,Cutting Layup Shot,-2.0,0.473,0
-37,279,28,0,1,Jump Shot,-2.0,0.311,0
-129,209,25,0,1,Jump Shot,5.0,0.35,0
12,-2,1,1,1,Layup Shot,6.0,0.696,0
30,134,14,0,1,Turnaround Jump Shot,-6.0,0.526,0
-1,17,2,1,1,Layup Shot,8.0,0.526,0
49,59,8,0,1,Driving Layup Shot,-8.0,0.467,0
232,9,0,0,1,Running Jump Shot,6.0,0.361,0
39,273,28,0,1,Running Jump Shot,6.0,0.393,0
-115,219,25,0,1,Jump Shot,5.0,0.339,0
168,194,26,1,1,Jump Shot,5.0,0.414,0
-27,97,10,1,1,Turnaround Jump Shot,5.0,0.5,0
152,205,26,1,1,Jump Shot,-1.0,0.396,0
-6,3,1,1,1,Driving Dunk Shot,-2.0,0.473,0
94,152,18,0,1,Pullup Jump shot,-3.0,0.526,0
-16,6,2,1,1,Running Reverse Layup Shot,1.0,0.473,0
70,13,7,1,1,Floating Jump shot,-1.0,0.5,0
-10,54,5,1,1,Running Jump Shot,1.0,0.5,0
185,182,26,0,1,Jump Shot,-1.0,0.218,0
-15,9,2,0,1,Layup Shot,3.0,0.408,0
0,0,0,1,1,Putback Layup Shot,-3.0,0.457,0
20,53,6,0,1,Floating Jump shot,3.0,0.467,0
5,-1,1,0,1,Driving Layup Shot,1.0,0.457,0
-227,3,0,0,1,Jump Shot,1.0,0.34,0
-39,179,18,0,1,Jump Shot,1.0,0.5,0
60,203,21,1,1,Jump Shot,1.0,0.462,0
116,150,19,1,1,Pullup Jump shot,0.0,0.439,0
5,18,2,1,1,Driving Finger Roll Layup Shot,-1.0,0.52,0
102,236,26,1,1,Pullup Jump shot,-1.0,0.418,0
-93,239,26,0,1,Jump Shot,-1.0,0.0,0
22,66,7,1,1,Driving Floating Jump Shot,3.0,0.439,0
23,29,4,0,1,Driving Layup Shot,4.0,0.461,0
141,312,34,0,1,Jump Shot,-6.0,0.365,0
188,179,26,1,1,Jump Shot,6.0,0.363,0
-200,147,25,0,1,Jump Shot,6.0,0.418,0
195,161,25,0,1,Jump Shot,-3.0,0.218,0
38,77,9,1,1,Floating Jump shot,3.0,0.46,0
61,16,6,0,1,Driving Layup Shot,-3.0,0.473,0
127,232,26,0,1,Jump Shot,5.0,0.393,0
11,17,2,1,1,Cutting Dunk Shot,-5.0,0.465,0
17,16,2,1,1,Layup Shot,5.0,0.457,0
42,123,13,1,1,Floating Jump shot,3.0,0.473,0
7,16,2,0,1,Running Layup Shot,-5.0,0.46,0
-7,126,13,1,1,Running Pull-Up Jump Shot,3.0,0.52,0
232,17,0,1,1,Jump Shot,-3.0,0.339,0
233,37,24,1,1,Jump Shot,1.0,0.365,0
-13,48,5,0,1,Jump Shot,-4.0,0.439,0
-66,137,15,0,1,Jump Shot,-2.0,0.473,0
-1,6,1,1,1,Running Dunk Shot,-2.0,0.696,0
-131,-8,13,0,1,Jump Shot,-2.0,0.4,0
227,80,24,0,1,Jump Shot,-4.0,0.387,0
11,11,2,1,1,Running Finger Roll Layup Shot,-4.0,0.46,0
4,78,8,0,1,Turnaround Jump Shot,-4.0,0.461,0
157,202,26,0,1,Jump Shot,-6.0,0.387,0
113,233,26,0,1,Jump Shot,6.0,0.387,0
123,41,13,1,1,Fadeaway Jump Shot,-6.0,0.467,0
-59,245,25,0,1,Jump Shot,6.0,0.418,0
58,31,7,0,1,Driving Layup Shot,4.0,0.467,0
-152,26,15,0,1,Step Back Jump shot,-4.0,0.473,0
18,18,3,1,1,Running Layup Shot,4.0,0.469,0
191,234,30,0,1,Jump Shot,-4.0,0.361,0
-22,16,3,0,1,Driving Dunk Shot,2.0,0.5,0
34,62,7,1,1,Driving Layup Shot,-2.0,0.439,0
78,102,13,0,1,Pullup Jump shot,-4.0,0.469,0
16,11,2,1,1,Driving Layup Shot,-5.0,0.461,0
26,1,3,1,1,Layup Shot,5.0,0.526,0
158,204,26,0,1,Jump Shot,-7.0,0.418,0
71,62,9,1,1,Pullup Jump shot,-5.0,0.473,0
0,55,6,1,1,Driving Layup Shot,-6.0,0.467,0
-92,117,15,1,1,Pullup Jump shot,-7.0,0.473,0
216,128,25,0,1,Jump Shot,5.0,0.387,0
12,48,5,0,1,Turnaround Jump Shot,-8.0,0.526,0
-10,8,1,1,1,Alley Oop Dunk Shot,-9.0,0.696,0
233,-6,0,0,1,Jump Shot,9.0,0.393,0
12,49,5,0,1,Driving Layup Shot,-11.0,0.461,0
43,145,15,0,1,Pullup Jump shot,-11.0,0.461,0
-110,128,17,1,1,Step Back Jump shot,-11.0,0.469,0
-105,155,19,0,1,Jump Shot,11.0,0.469,0
140,225,27,1,1,Running Jump Shot,9.0,0.361,0
5,14,1,1,1,Cutting Layup Shot,9.0,0.473,0
-115,227,25,1,1,Jump Shot,10.0,0.361,0
-39,267,27,1,1,Jump Shot,9.0,0.393,0
5,23,2,0,1,Driving Layup Shot,-12.0,0.46,0
-16,106,11,1,1,Pullup Jump shot,-9.0,0.461,0
69,273,28,1,1,Jump Shot,-9.0,0.393,0
15,12,2,1,1,Driving Dunk Shot,-11.0,0.461,0
-18,9,2,1,1,Layup Shot,8.0,0.526,0
-45,50,7,0,1,Floating Jump shot,-10.0,0.4,0
-10,267,27,1,1,Jump Shot,8.0,0.393,0
27,32,4,1,1,Turnaround Hook Shot,-8.0,0.461,0
61,124,14,1,1,Jump Shot,5.0,0.473,0
-48,127,14,1,1,Turnaround Fadeaway shot,-7.0,0.461,0
-7,252,25,0,1,Jump Shot,5.0,0.393,0
82,21,8,1,1,Step Back Jump shot,-7.0,0.461,0
23,27,4,0,1,Layup Shot,7.0,0.526,0
-25,76,8,0,1,Running Jump Shot,-9.0,0.473,0
-38,21,4,1,1,Layup Shot,9.0,0.526,0
-234,58,24,0,1,Jump Shot,-7.0,0.363,0
91,241,26,0,1,Jump Shot,-8.0,0.409,0
-21,10,2,0,1,Layup Shot,-8.0,0.439,0
-1,0,0,1,1,Cutting Dunk Shot,-8.0,0.473,0
36,89,10,0,1,Fadeaway Jump Shot,-8.0,0.439,0
-45,252,26,0,1,Running Jump Shot,6.0,0.393,0
150,209,26,0,1,Pullup Jump shot,-6.0,0.35,0
0,14,1,1,1,Driving Dunk Shot,6.0,0.467,0
-5,8,1,0,1,Running Layup Shot,6.0,0.465,0
18,43,5,1,1,Running Jump Shot,-4.0,0.526,0
223,18,0,0,1,Jump Shot,2.0,0.218,0
-121,226,26,0,1,Jump Shot,-1.0,0.34,0
118,143,19,1,1,Pullup Jump shot,-1.0,0.467,0
129,228,26,0,1,Jump Shot,-1.0,0.409,0
131,221,26,0,1,Jump Shot,-1.0,0.387,0
11,8,1,1,1,Driving Layup Shot,-2.0,0.461,0
-97,243,26,1,1,Pullup Jump shot,3.0,0.35,0
33,73,8,1,1,Floating Jump shot,1.0,0.533,0
11,15,2,1,1,Cutting Layup Shot,-2.0,0.552,0
96,24,10,1,1,Floating Jump shot,0.0,0.52,0
98,5,10,0,1,Floating Jump shot,2.0,0.52,0
-178,166,24,0,1,Jump Shot,-1.0,0.311,0
23,15,3,1,1,Driving Finger Roll Layup Shot,-2.0,0.46,0
55,205,21,0,1,Jump Shot,-4.0,0.465,0
-153,215,26,1,1,Step Back Jump shot,-5.0,0.35,0
4,85,9,0,1,Jump Shot,-8.0,0.46,0
-4,3,1,1,1,Layup Shot,7.0,0.52,0
9,7,1,1,1,Dunk Shot,-7.0,0.696,0
228,53,0,1,1,Pullup Jump shot,6.0,0.418,0
-15,3,2,1,1,Driving Layup Shot,5.0,0.52,0
119,34,12,0,1,Floating Jump shot,-8.0,0.46,0
-11,-2,1,1,1,Running Reverse Layup Shot,6.0,0.52,0
15,5,2,1,1,Driving Layup Shot,-5.0,0.52,0
9,209,21,1,1,Step Back Jump shot,-4.0,0.465,0
233,36,24,0,1,Jump Shot,4.0,0.418,0
5,13,1,0,1,Layup Shot,-2.0,0.408,0
235,19,24,0,1,Jump Shot,-2.0,0.351,0
-6,29,3,1,1,Driving Finger Roll Layup Shot,-2.0,0.467,0
-58,81,10,0,1,Floating Jump shot,1.0,0.439,0
-158,193,25,0,1,Jump Shot,-1.0,0.387,0
1,32,3,1,1,Driving Hook Shot,1.0,0.461,0
-192,32,19,1,1,Jump Shot,-1.0,0.465,0
-22,262,26,0,1,Jump Shot,-1.0,0.35,0
-200,171,26,0,1,Jump Shot,-1.0,0.396,0
-74,153,17,0,1,Pullup Jump shot,1.0,0.461,0
107,59,12,0,1,Fadeaway Jump Shot,-1.0,0.526,0
-230,7,0,0,1,Jump Shot,1.0,0.295,0
-202,135,24,0,1,Step Back Jump shot,-1.0,0.387,1
62,23,7,0,1,Driving Layup Shot,1.0,0.461,1
21,29,4,0,1,Driving Layup Shot,1.0,0.461,1
232,33,0,0,1,Jump Shot,-1.0,0.339,1
-141,62,15,1,1,Fadeaway Jump Shot,1.0,0.526,1
11,10,1,1,1,Driving Finger Roll Layup Shot,1.0,0.46,1
192,169,26,1,1,Jump Shot,-3.0,0.363,1
75,96,12,0,1,Pullup Jump shot,1.0,0.46,1
-2,9,1,1,1,Running Dunk Shot,-4.0,0.526,1
-146,134,20,0,1,Turnaround Jump Shot,5.0,0.467,1
123,232,26,0,1,Jump Shot,5.0,0.396,1
-233,6,0,0,1,Jump Shot,5.0,0.339,1
172,187,25,1,1,Jump Shot,4.0,0.387,1
102,242,26,0,1,Jump Shot,3.0,0.35,1
238,20,24,0,1,Jump Shot,6.0,0.339,0
12,5,1,1,1,Putback Layup Shot,-6.0,0.46,0
